City,Lat,Lng,Max Temp,Humidity,Cloudiness,Wind Speed,Country,Date
Stephenville,32.2207,-98.2023,77.34,62,1,13.8,US,1638736943
Nuuk,64.1835,-51.7216,24.26,65,100,26.4,GL,1638737431
Atuona,-9.8,-139.0333,78.69,73,6,18.61,PF,1638737432
Khatanga,71.9667,102.5,-16.62,96,100,9.55,RU,1638737432
Hobart,-42.8794,147.3294,58.26,63,40,3.0,AU,1638737432
Bengkulu,-3.8004,102.2655,74.88,90,95,7.47,ID,1638737432
Saint-Pierre,-21.3393,55.4781,76.68,77,20,5.75,RE,1638737432
Xinyu,27.8043,114.9334,47.14,60,0,1.28,CN,1638737145
New Norfolk,-42.7826,147.0587,57.92,60,63,3.65,AU,1638737432
Puerto Ayora,-0.7393,-90.3518,75.16,82,61,9.66,EC,1638737432
Bulgan,48.8125,103.5347,19.31,46,9,3.98,MN,1638737433
Ushuaia,-54.8,-68.3,46.06,71,75,31.07,AR,1638737433
Lorengau,-2.0226,147.2712,83.97,79,55,15.48,PG,1638737433
Kenora,49.8167,-94.4337,24.78,86,90,10.36,CA,1638737433
Pangnirtung,66.1451,-65.7125,17.6,93,90,17.27,CA,1638737433
Mabaruma,8.2,-59.7833,77.61,86,94,5.32,GY,1638737433
Lebu,-37.6167,-73.65,64.24,66,0,13.76,CL,1638737433
El Salvador,13.8333,-88.9167,86.4,42,1,1.57,SV,1638737434
Avarua,-21.2078,-159.775,80.65,89,40,5.75,CK,1638737434
Rikitea,-23.1203,-134.9692,76.15,74,98,8.23,PF,1638737434
Aklavik,68.2191,-135.0107,-12.17,69,20,2.3,CA,1638737434
Richards Bay,-28.783,32.0377,76.87,78,93,16.08,ZA,1638736951
Villazón,-22.0866,-65.5942,58.68,53,60,14.7,BO,1638737434
Ahipara,-35.1667,173.1667,72.28,74,51,9.84,NZ,1638737434
Talcahuano,-36.7167,-73.1167,82.08,34,0,10.36,CL,1638737434
Teknāf,20.8624,92.3058,74.03,86,87,5.3,BD,1638737435
Cape Town,-33.9258,18.4232,62.1,90,90,4.0,ZA,1638737402
Hasaki,35.7333,140.8333,43.29,64,100,12.95,JP,1638737435
Alofi,-19.0595,-169.9187,80.49,83,75,16.11,NU,1638737435
Lovozero,68.005,35.0117,4.26,67,47,10.92,RU,1638737435
Yellowknife,62.456,-114.3525,-14.58,82,20,4.61,CA,1638737435
Souillac,-20.5167,57.5167,79.18,73,40,11.5,MU,1638737435
Hilo,19.7297,-155.09,73.13,93,90,10.36,US,1638737435
Kapaa,22.0752,-159.319,78.12,71,1,4.0,US,1638737435
Punta Arenas,-53.15,-70.9167,55.51,44,20,24.16,CL,1638737321
Hithadhoo,-0.6,73.0833,81.1,79,100,13.69,MV,1638737436
Nanortalik,60.1432,-45.2371,27.0,88,93,34.07,GL,1638737436
Ovalle,-30.5983,-71.2003,82.71,31,9,8.75,CL,1638737143
Rome,43.2128,-75.4557,39.83,76,90,8.05,US,1638737423
Kavaratti,10.5669,72.642,80.85,73,47,11.5,IN,1638737436
Grand Gaube,-20.0064,57.6608,79.2,66,8,5.01,MU,1638737436
Castro,-24.7911,-50.0119,65.57,84,94,2.68,BR,1638737436
Ulaangom,49.9811,92.0667,6.13,80,100,4.59,MN,1638736933
Ancud,-41.8697,-73.8203,76.53,61,40,7.02,CL,1638737436
Pécel,47.4896,19.3416,35.49,93,90,9.22,HU,1638737436
Busselton,-33.65,115.3333,60.04,75,62,15.73,AU,1638737436
Ilulissat,69.2167,-51.1,25.41,76,100,7.43,GL,1638737437
Kamennogorsk,60.9545,29.1339,20.84,91,99,5.84,RU,1638737437
Luwuk,-0.9516,122.7875,76.89,92,100,5.21,ID,1638736957
Imbituba,-28.24,-48.6703,75.09,94,100,9.44,BR,1638737437
Sioux Lookout,50.1001,-91.917,23.38,86,90,2.3,CA,1638737437
Deputatsky,69.3,139.9,-23.78,97,100,2.75,RU,1638737437
Mataura,-46.1927,168.8643,52.48,59,98,4.43,NZ,1638737437
Belaya Gora,68.5333,146.4167,-32.4,95,100,1.1,RU,1638737437
Palu,-0.8917,119.8707,74.23,93,80,2.93,ID,1638737437
Port Blair,11.6667,92.75,78.22,74,14,10.02,IN,1638737438
Dikson,73.5069,80.5464,-0.63,94,100,8.84,RU,1638737438
Port Shepstone,-30.7414,30.455,73.69,92,100,4.83,ZA,1638736929
Marawi,7.9986,124.2928,63.64,96,100,1.5,PH,1638737438
Jamestown,42.097,-79.2353,42.53,50,90,8.99,US,1638737438
Rocha,-34.4833,-54.3333,64.56,93,91,8.16,UY,1638737438
Lagos,6.5833,3.75,84.52,82,79,5.37,NG,1638737334
Bethel,41.3712,-73.414,45.81,46,84,3.0,US,1638737164
Yumen,40.2833,97.2,25.66,50,21,20.42,CN,1638737438
Arraial do Cabo,-22.9661,-42.0278,80.56,78,20,17.27,BR,1638737161
Denpasar,-8.65,115.2167,82.06,83,75,17.27,ID,1638737439
Hermanus,-34.4187,19.2345,61.81,94,100,11.79,ZA,1638737439
Qaanaaq,77.484,-69.3632,21.36,77,100,6.71,GL,1638737439
Marabba,12.35,32.1833,82.56,25,3,11.16,SD,1638737160
Pokhara,28.2333,83.9833,59.02,43,0,5.61,NP,1638737263
La Ronge,55.1001,-105.2842,-10.95,58,20,10.36,CA,1638737439
Port Lincoln,-34.7333,135.8667,59.02,76,1,2.64,AU,1638737439
Plouzané,48.3833,-4.6167,49.08,76,20,10.36,FR,1638737439
Gilgit,35.9221,74.3087,42.06,88,100,1.52,PK,1638737439
Vostok,46.4856,135.8833,14.76,92,27,5.88,RU,1638737439
Broken Hill,-31.95,141.4333,65.91,39,58,6.91,AU,1638737440
Vaini,-21.2,-175.2,80.76,83,75,10.36,TO,1638737440
Wukari,7.85,9.7833,82.45,28,100,0.78,NG,1638737440
Labuhan,-6.8844,112.2051,78.08,81,100,8.19,ID,1638737440
Bluff,-46.6,168.3333,52.81,50,88,11.97,NZ,1638737440
Bredasdorp,-34.5322,20.0403,61.29,95,100,7.49,ZA,1638737440
Dhidhdhoo,6.8833,73.1,80.65,77,39,6.85,MV,1638737440
Cam Ranh,11.9214,109.1591,75.16,69,20,9.22,VN,1638737440
Pacific Grove,36.6177,-121.9166,72.81,77,20,3.0,US,1638737440
Le Marin,14.4721,-60.8697,84.11,70,75,17.27,MQ,1638737440
Petropavlovskoye,52.0712,84.107,21.74,86,100,4.36,RU,1638737441
Simao,22.7886,100.9748,54.09,80,86,1.86,CN,1638737441
Krutinka,56.0055,71.5113,28.44,95,100,11.05,RU,1638737441
Saskylakh,71.9167,114.0833,-25.55,96,100,4.52,RU,1638737441
Upernavik,72.7868,-56.1549,27.54,72,100,2.13,GL,1638737441
Port Alfred,-33.5906,26.891,69.04,95,100,15.66,ZA,1638737441
Lüderitz,-26.6481,15.1594,61.7,86,0,11.68,NA,1638737441
Bathsheba,13.2167,-59.5167,84.81,65,40,23.02,BB,1638737441
Barrow,71.2906,-156.7887,8.62,78,1,16.11,US,1638737441
Bambous Virieux,-20.3428,57.7575,79.05,73,40,11.5,MU,1638737441
Tuktoyaktuk,69.4541,-133.0374,-18.4,76,75,6.91,CA,1638737442
East London,-33.0153,27.9116,69.46,97,100,4.9,ZA,1638737185
Kaura Namoda,12.5898,6.5779,75.87,22,43,8.68,NG,1638737442
Vardø,70.3705,31.1107,8.35,79,14,21.77,NO,1638737442
Mount Isa,-20.7333,139.5,74.97,69,99,12.66,AU,1638737442
Giaginskaya,44.8621,40.0719,43.57,94,100,1.72,RU,1638737442
Pisco,-13.7,-76.2167,73.45,73,40,6.91,PE,1638737442
George Town,5.4112,100.3354,77.9,80,20,5.99,MY,1638737442
Provideniya,64.3833,-173.3,30.36,100,90,24.61,RU,1638737421
Port Hardy,50.6996,-127.4199,36.75,100,90,0.0,CA,1638737442
Tulum,20.2167,-87.4667,81.93,67,21,6.2,MX,1638737443
Lakes Entrance,-37.8811,147.981,63.16,65,84,7.2,AU,1638737443
Parkes,-33.1333,148.1833,61.36,64,93,1.01,AU,1638737443
Longyearbyen,78.2186,15.6401,-0.31,95,22,3.83,SJ,1638737443
Saint-Philippe,-21.3585,55.7679,76.59,81,37,10.49,RE,1638737443
Srednekolymsk,67.45,153.6833,-48.87,100,71,4.79,RU,1638737443
Diofior,14.1833,-16.6667,77.92,19,100,7.83,SN,1638737443
Plettenberg Bay,-34.0527,23.3716,65.66,83,96,11.83,ZA,1638737443
Bonthe,7.5264,-12.505,80.47,80,20,7.7,SL,1638737443
Adrar,20.5022,-10.0711,63.61,12,100,10.31,MR,1638737444
Yurgamysh,55.3714,64.4656,21.4,95,100,4.59,RU,1638737444
Cidreira,-30.1811,-50.2056,70.74,86,40,15.05,BR,1638737444
Leshukonskoye,64.8989,45.7622,6.58,96,26,4.85,RU,1638737444
Mar del Plata,-38.0023,-57.5575,66.22,83,20,13.0,AR,1638737444
Waingapu,-9.6567,120.2641,78.78,83,100,2.86,ID,1638737444
Tuatapere,-46.1333,167.6833,52.83,63,97,5.77,NZ,1638737444
Quatre Cocos,-20.2078,57.7625,78.91,70,20,12.8,MU,1638737444
Dicabisagan,17.0818,122.4157,70.63,89,93,6.31,PH,1638737444
Ribeira Grande,38.5167,-28.7,64.8,68,40,8.05,PT,1638737445
Sembakung,3.8167,117.25,73.78,98,98,0.2,ID,1638737445
Riverton,40.5219,-111.9391,57.7,35,1,8.01,US,1638736933
Roald,62.5833,6.1333,35.74,69,75,16.11,NO,1638737347
Altay,47.8667,88.1167,32.52,59,100,5.86,CN,1638737333
Patea,-39.7583,174.4833,71.67,68,96,13.51,NZ,1638737445
Nebaj,15.4058,-91.1461,75.78,53,7,6.17,GT,1638737445
Sakakah,29.9697,40.2064,65.77,32,100,10.92,SA,1638736946
Camacha,33.0833,-16.3333,63.36,63,75,12.66,PT,1638736909
Haines Junction,60.7522,-137.5108,-2.34,98,100,1.52,CA,1638737445
Narsaq,60.9167,-46.05,19.74,90,100,16.22,GL,1638737446
Cap Malheureux,-19.9842,57.6142,79.29,66,5,5.01,MU,1638737446
Chokurdakh,70.6333,147.9167,-41.84,100,60,5.95,RU,1638737446
Kavieng,-2.5744,150.7967,82.47,80,95,7.14,PG,1638737446
Timrå,62.487,17.3257,14.68,72,90,9.22,SE,1638737446
Port Hedland,-20.3167,118.5667,91.45,27,100,14.97,AU,1638737446
Husavik,66.0449,-17.3389,39.11,77,100,26.84,IS,1638737446
Kruisfontein,-34.0033,24.7314,63.88,87,98,7.96,ZA,1638737446
Albany,42.6001,-73.9662,41.81,53,96,4.5,US,1638737446
Pecan Grove,29.6261,-95.7316,80.22,77,20,1.99,US,1638737447
Newport,51.5877,-2.9984,43.83,78,32,6.53,GB,1638737182
Genas,45.7322,4.9994,39.11,90,90,9.22,FR,1638737447
Saint-Leu,-21.15,55.2833,76.06,79,27,3.96,RE,1638736910
Rawson,-43.3002,-65.1023,67.66,51,21,15.55,AR,1638737447
Sitka,57.0531,-135.33,33.69,80,90,8.05,US,1638737447
Ponta do Sol,32.6667,-17.1,66.83,75,43,8.28,PT,1638737447
Basco,20.4487,121.9702,74.19,73,64,19.8,PH,1638737447
Iskateley,67.6803,53.1512,21.33,92,100,15.88,RU,1638737447
Saint Paul Harbor,57.79,-152.4072,27.91,93,20,5.75,US,1638737447
Dingle,10.9995,122.6711,71.2,91,37,6.96,PH,1638737447
Harper,4.375,-7.7169,80.69,80,9,8.34,LR,1638737447
Kaitangata,-46.2817,169.8464,53.92,53,100,6.35,NZ,1638737448
Collie,-33.3667,116.15,55.98,87,22,10.76,AU,1638737448
Innisfail,-17.5333,146.0333,80.89,67,86,7.05,AU,1638737448
Deesa,24.25,72.1667,68.07,49,6,7.83,IN,1638737448
Honningsvåg,70.9821,25.9704,29.95,69,40,14.97,NO,1638736907
Conakry,9.538,-13.6773,84.27,79,40,9.22,GN,1638737448
Esperance,-33.8667,121.9,60.64,73,79,12.66,AU,1638737448
Arrondissement de Verdun,49.25,5.3333,37.71,93,100,1.36,FR,1638737325
Healdsburg,38.6105,-122.8692,76.32,76,40,0.0,US,1638737448
Nizhniy Bestyakh,61.9594,129.9086,-24.32,76,0,2.24,RU,1638737448
São João da Barra,-21.6403,-41.0511,80.69,82,7,14.38,BR,1638737449
Luanda,-8.8368,13.2343,80.6,83,40,11.5,AO,1638737240
Carnarvon,-24.8667,113.6333,75.27,69,0,20.71,AU,1638737449
Okhotsk,59.3833,143.3,-13.76,88,19,9.24,RU,1638737449
Shirokiy,49.758,129.523,-0.09,98,71,5.88,RU,1638737449
Kushmurun,52.4503,64.6311,22.24,87,100,9.26,KZ,1638737449
Thompson,55.7435,-97.8558,-14.64,70,20,10.36,CA,1638737449
Kanganpur,30.7663,74.1231,60.28,68,4,5.01,PK,1638737449
Constitución,-35.3333,-72.4167,68.0,58,5,5.48,CL,1638737449
Mackay,-21.15,149.2,81.05,73,40,11.5,AU,1638736961
Gamba,-2.65,10.0,78.24,90,100,3.11,GA,1638737450
Winnemucca,40.973,-117.7357,57.25,30,1,12.66,US,1638736903
Kushālgarh,23.199,74.4507,67.32,53,5,4.7,IN,1638737450
Fortuna,40.5982,-124.1573,55.33,94,90,8.05,US,1638737450
Hualmay,-11.0964,-77.6139,69.12,80,100,10.22,PE,1638737450
Chicama,-7.8447,-79.1469,66.74,66,100,9.44,PE,1638737450
Lagoa,39.05,-27.9833,63.21,75,73,11.59,PT,1638737450
Anito,12.4497,125.2886,76.12,84,98,10.49,PH,1638737450
Ikongo,-21.8833,47.4333,70.02,95,2,1.86,MG,1638737450
Kaeo,-35.1,173.7833,73.33,87,48,8.16,NZ,1638736933
Kiryat Gat,31.61,34.7642,61.39,100,4,6.8,IL,1638737451
Bonavista,48.6499,-53.1147,35.11,59,92,13.27,CA,1638737451
Tilichiki,60.4667,166.1,-1.71,97,93,3.22,RU,1638737451
Netivot,31.4222,34.5886,55.6,57,7,7.9,IL,1638737451
Ugoofaaru,5.6667,73.0,81.99,75,63,9.82,MV,1638737451
Itaueira,-7.6033,-43.0256,80.28,69,37,5.12,BR,1638737451
Mata,40.683,-7.4592,42.93,97,53,4.88,PT,1638737451
Tonk,26.1667,75.7833,67.44,53,40,3.53,IN,1638737452
Clyde River,70.4692,-68.5914,10.63,85,100,36.82,CA,1638737452
Udachny,66.4167,112.4,-22.56,74,100,16.67,RU,1638736935
The Valley,18.217,-63.0578,82.54,65,20,16.11,AI,1638737452
Miran Shah,33.0086,70.0697,51.49,49,0,4.16,PK,1638737452
Port Elizabeth,-33.918,25.5701,66.09,100,0,3.44,ZA,1638737452
Muzhi,65.3667,64.6667,-21.08,95,5,6.58,RU,1638737452
Calabar,4.9517,8.322,77.79,90,100,3.36,NG,1638737452
Sinnamary,5.3833,-52.95,78.75,86,100,7.67,GF,1638736931
Igarka,67.4667,86.5833,-30.69,99,99,12.46,RU,1638737452
Corat,40.5725,49.7064,46.49,67,99,10.31,AZ,1638737452
College,64.8569,-147.8028,5.9,77,75,0.0,US,1638737453
Bubaque,11.2833,-15.8333,81.52,68,99,13.51,GW,1638736958
Klaksvík,62.2266,-6.589,34.72,61,28,14.07,FO,1638737453
Aktobe,50.2797,57.2072,26.69,86,90,8.95,KZ,1638737453
Natal,-5.795,-35.2094,84.85,74,75,16.11,BR,1638737334
Butaritari,3.0707,172.7902,81.0,84,100,13.65,KI,1638737453
Bilibino,68.0546,166.4372,-19.44,99,100,2.68,RU,1638736909
Manta,-0.95,-80.7333,82.18,69,40,8.05,EC,1638737407
Nikolskoye,59.7035,30.7861,0.01,97,9,4.81,RU,1638737453
Lompoc,34.6391,-120.4579,79.11,45,1,11.5,US,1638737453
Vanimo,-2.6741,141.3028,79.52,82,94,6.78,PG,1638737454
Chioggia,45.2256,12.2889,43.05,84,100,16.64,IT,1638737454
Mangan,27.5167,88.5333,60.4,46,57,6.87,IN,1638737454
Guerrero Negro,27.9769,-114.0611,69.17,64,1,15.23,MX,1638737408
Bodmin,50.4715,-4.7243,44.56,70,75,8.05,GB,1638737312
Khani,41.9563,42.9566,40.57,69,70,5.7,GE,1638737454
Bull Savanna,17.8868,-77.5902,80.53,72,75,15.66,JM,1638737454
Ballina,-28.8667,153.5667,66.24,96,40,10.36,AU,1638737454
San Cristobal,7.7669,-72.225,80.78,47,76,5.12,VE,1638737454
Ibipeba,-11.6408,-42.0111,72.07,81,40,7.23,BR,1638737454
La Palma,33.8464,-118.0467,79.93,80,20,0.0,US,1638736922
Airai,-8.9266,125.4092,61.16,93,100,0.34,TL,1638737455
Tegul'det,57.3064,88.1667,31.26,91,100,13.67,RU,1638736956
Paamiut,61.994,-49.6678,26.22,59,100,23.0,GL,1638737455
Maputo,-25.9653,32.5892,79.23,86,75,5.75,MZ,1638737420
Alice Springs,-23.7,133.8833,65.75,63,2,6.91,AU,1638736907
Caranavi,-15.8167,-67.55,68.2,98,100,0.83,BO,1638737455
Tiksi,71.6872,128.8694,-14.46,91,100,6.58,RU,1638737303
Kodinsk,58.6881,99.1844,22.06,97,100,2.04,RU,1638737215
Touros,-5.1989,-35.4608,85.1,78,84,15.43,BR,1638737455
Kargopol',61.5071,38.9456,8.8,96,100,4.52,RU,1638736931
Menzelinsk,55.7271,53.1026,24.04,80,100,8.61,RU,1638737455
Kotka,60.4664,26.9458,4.32,92,99,13.85,FI,1638737295
Hailar,49.2,119.7,12.87,84,6,13.44,CN,1638737456
Vadsø,70.0744,29.7487,8.31,72,40,17.27,NO,1638737456
Bairiki Village,1.3292,172.9752,82.4,78,75,16.11,KI,1638736937
Ozar,20.1,73.9333,66.24,83,12,3.65,IN,1638737456
Bobo-Dioulasso,11.1771,-4.2979,79.25,36,27,4.61,BF,1638737456
Tasiilaq,65.6145,-37.6368,30.15,92,98,29.68,GL,1638737456
Barra Patuca,15.8,-84.2833,81.28,71,11,5.44,HN,1638737456
Pochutla,15.7432,-96.4661,88.83,43,0,8.16,MX,1638737456
Grindavik,63.8424,-22.4338,41.47,87,75,17.27,IS,1638737457
Emmett,43.8735,-116.4993,49.89,48,36,5.99,US,1638737457
Moss Vale,-34.55,150.3833,54.16,74,86,5.59,AU,1638737457
Hamilton,39.1834,-84.5333,61.05,61,40,1.99,US,1638737457
Visby,57.6409,18.296,27.05,80,75,10.36,SE,1638737457
Cayenne,4.9333,-52.3333,82.44,86,75,5.01,GF,1638737457
Forsytheganj,52.6333,29.7333,30.0,91,100,5.99,BY,1638737457
Cabo San Lucas,22.8909,-109.9124,82.51,56,100,3.0,MX,1638737458
Severo-Kuril'sk,50.6789,156.125,31.5,72,94,19.66,RU,1638737458
Torbay,47.6666,-52.7314,34.27,70,20,9.22,CA,1638737458
Teya,60.3778,92.6267,12.74,96,100,3.0,RU,1638737458
Santa Rosa,14.3122,121.1114,75.18,77,65,8.37,PH,1638737458
Te Anau,-45.4167,167.7167,48.51,72,70,5.48,NZ,1638736916
Tessalit,20.1986,1.0114,69.85,15,86,9.78,ML,1638737458
Antalaha,-14.9003,50.2788,73.99,89,8,6.58,MG,1638737458
Kumul,42.8,93.45,31.01,47,99,5.3,CN,1638737459
Ocotepec,17.2167,-93.15,63.32,87,77,3.58,MX,1638737459
Zhigansk,66.7697,123.3711,-28.28,93,100,8.08,RU,1638737459
Broome,42.2506,-75.833,42.22,57,75,1.01,US,1638736913
Dongsheng,39.8161,109.9776,23.94,44,0,13.53,CN,1638736959
Kadhan,24.481,68.9859,67.33,23,0,3.85,PK,1638737459
Tautira,-17.7333,-149.15,86.02,73,69,16.89,PF,1638736953
Tocopilla,-22.092,-70.1979,68.99,66,92,5.82,CL,1638736922
Banda Aceh,5.5577,95.3222,76.98,84,97,9.15,ID,1638737460
Turaif,31.6725,38.6637,52.05,66,0,13.8,SA,1638736920
Rāvar,31.2656,56.8055,51.89,33,100,2.01,IR,1638737460
Hūn,29.1268,15.9477,54.43,34,0,7.96,LY,1638737460
Talnakh,69.4865,88.3972,-20.79,99,100,13.91,RU,1638737460
Vila Franca do Campo,37.7167,-25.4333,64.2,83,41,3.49,PT,1638737197
Wuhu,31.3366,118.3755,31.91,51,0,2.84,CN,1638737460
General Roca,-39.0333,-67.5833,88.2,14,0,10.8,AR,1638737460
Rock Falls,41.7798,-89.689,38.19,96,90,4.61,US,1638737460
Narāyangarh,30.4833,77.1333,59.88,58,12,4.97,IN,1638737461
Los Llanos de Aridane,28.6585,-17.9182,64.15,67,75,11.99,ES,1638737461
Weyburn,49.6668,-103.8511,11.17,85,100,26.46,CA,1638737461
Tūkrah,32.5341,20.5791,64.15,67,55,15.5,LY,1638737461
Ballangen,68.3428,16.8315,17.4,62,0,9.22,NO,1638737461
Bariloche,-41.1456,-71.3082,83.95,11,20,5.75,AR,1638737461
Verkhnevilyuysk,63.4453,120.3167,-26.23,90,30,7.02,RU,1638737461
Iqaluit,63.7506,-68.5145,10.13,66,90,23.0,CA,1638737462
Cairns,-16.9167,145.7667,78.75,80,2,10.36,AU,1638736932
Breyten,-26.3018,29.987,56.37,96,100,5.37,ZA,1638737462
Mount Gambier,-37.8333,140.7667,48.11,93,97,5.75,AU,1638737462
Sfântu Gheorghe,45.8667,25.7833,32.94,84,100,3.11,RO,1638737165
Bambanglipuro,-7.95,110.2833,64.6,90,99,5.88,ID,1638737462
Washington,47.5001,-120.5015,39.69,60,80,2.66,US,1638737270
Gorom-Gorom,14.4439,-0.2361,80.15,11,4,7.4,BF,1638737462
Alexandria,31.2156,29.9553,66.16,72,40,6.91,EG,1638737182
Gawler,-34.6,138.7333,65.48,64,54,2.55,AU,1638737462
Merrill,45.1805,-89.6835,29.97,93,90,16.11,US,1638737463
Saldanha,-33.0117,17.9442,60.85,93,13,16.62,ZA,1638737463
Yerbogachën,61.2767,108.0108,-19.62,100,97,2.93,RU,1638737463
Naryshkino,52.9678,35.7268,24.49,91,100,4.54,RU,1638737463
La Rioja,42.25,-2.5,35.49,98,100,7.18,ES,1638737463
Ostrovnoy,68.0531,39.5131,8.35,74,85,21.47,RU,1638737463
Geraldton,-28.7667,114.6,64.81,82,2,8.05,AU,1638736912
Beeskow,52.1667,14.25,35.15,93,100,3.0,DE,1638737464
Yatou,37.15,122.3833,45.72,81,4,7.67,CN,1638737464
Sovetskiy,61.3614,63.5842,-4.22,97,98,3.22,RU,1638736935
Zharkent,44.1628,80.0,38.89,51,100,3.15,KZ,1638737464
Ust-Tsilma,65.441,52.1498,5.97,97,83,3.91,RU,1638737464
Moose Factory,51.2585,-80.6094,12.2,73,1,8.05,CA,1638737464
Ascension,30.2169,-90.9001,80.01,72,40,4.61,US,1638737464
Cumana,10.4635,-64.1775,86.09,78,38,14.52,VE,1638737464
Asău,46.4333,26.4,34.95,83,100,3.53,RO,1638737465
Kulu,39.0951,33.0799,45.95,60,0,6.31,TR,1638737465
Riyadh,24.6877,46.7219,60.94,33,4,6.15,SA,1638736871
Sémbé,1.6481,14.5806,75.54,76,78,2.08,CG,1638737465
Lavrentiya,65.5833,-171.0,29.84,98,100,9.75,RU,1638737465
Jintūr,19.6167,76.7,67.57,64,0,4.74,IN,1638737465
Hibbing,47.4272,-92.9377,26.2,61,90,12.66,US,1638737465
Byron Bay,-28.65,153.6167,71.55,85,76,5.79,AU,1638737465
Srīvardhan,18.0333,73.0167,72.84,84,0,3.91,IN,1638737465
Felipe Carrillo Puerto,19.5833,-88.05,84.36,53,17,5.28,MX,1638737465
Rafaela,-31.2503,-61.4867,84.06,41,91,3.0,AR,1638737466
Nouadhibou,20.931,-17.0347,73.38,43,14,8.05,MR,1638736928
Uvarovka,55.5278,35.6061,19.58,99,99,2.59,RU,1638737466
Port-Gentil,-0.7193,8.7815,82.36,83,40,11.5,GA,1638737466
Sovetskoye,52.2861,85.4131,13.42,93,100,3.15,RU,1638737466
Gerāsh,27.6652,54.1371,51.94,44,98,0.76,IR,1638737466
Chui,-33.6971,-53.4616,68.38,75,96,9.57,UY,1638737466
Hendrina,-26.1588,29.7153,59.29,97,100,4.07,ZA,1638737466
Kuah,6.3265,99.8432,78.78,73,20,5.75,MY,1638737467
Shimoda,34.6667,138.95,48.11,83,100,15.19,JP,1638737467
Avezzano,42.0402,13.4388,41.81,87,71,1.48,IT,1638737467
Dzaoudzi,-12.7887,45.2699,80.49,83,0,6.91,YT,1638737467
Vila Velha,-20.3297,-40.2925,80.55,84,40,7.0,BR,1638737448
Giyani,-23.3025,30.7187,75.99,59,90,6.15,ZA,1638737467
San Patricio,28.017,-97.5169,84.88,65,100,16.53,US,1638737467
Am Timan,11.0297,20.2827,81.12,23,81,7.05,TD,1638736939
Emerald,-23.5333,148.1667,73.54,88,90,0.0,AU,1638737467
Rumonge,-3.9736,29.4386,72.25,81,100,4.29,BI,1638737467
Cody,44.5263,-109.0565,25.29,86,90,8.05,US,1638737468
Norman Wells,65.282,-126.8329,-12.23,80,54,4.88,CA,1638737468
Sambava,-14.2667,50.1667,76.19,86,3,10.74,MG,1638737468
Belomorsk,64.5232,34.7668,9.82,96,72,5.48,RU,1638737468
Wakema,16.6,95.1833,67.59,70,70,2.51,MM,1638737468
Adré,13.4667,22.2,73.11,23,81,13.09,TD,1638737468
Monte Sião,-22.4325,-46.5725,80.6,76,77,3.83,BR,1638737468
Karatuzskoye,53.6072,92.8667,8.82,95,97,2.62,RU,1638737334
Kearney,40.6995,-99.0815,54.16,31,1,17.0,US,1638737469
Mana,5.6592,-53.7767,77.77,89,100,8.55,GF,1638737469
Kamaishi,39.2667,141.8833,39.22,74,6,8.41,JP,1638737469
Biak,-0.9131,122.8766,75.58,91,100,8.12,ID,1638737469
Jakar,27.5492,90.7525,45.34,83,99,1.03,BT,1638737469
Rio Grande,-32.035,-52.0986,75.31,73,22,13.4,BR,1638737293
Nagato,34.3833,131.2,48.11,80,6,5.91,JP,1638737469
Esim,4.8699,-2.2405,80.74,82,68,9.42,GH,1638737469
Nkhotakota,-12.9274,34.2961,78.67,62,12,5.12,MW,1638737469
Sept-Îles,50.2001,-66.3821,21.06,58,40,10.0,CA,1638737469
Ormara,25.2088,64.6357,72.91,27,1,11.01,PK,1638737470
Rabo de Peixe,37.8,-25.5833,63.28,96,75,4.61,PT,1638737470
Kargasok,59.0556,80.8572,31.06,98,100,10.42,RU,1638737195
Shiyan,32.6475,110.7781,45.95,66,0,4.45,CN,1638737470
Nabire,-3.3667,135.4833,75.02,89,96,5.3,ID,1638737470
Creston,41.0586,-94.3614,54.72,66,1,17.27,US,1638737470
Benjamín Aceval,-24.9667,-57.5667,93.6,32,99,6.71,PY,1638737470
San Quintín,30.4833,-115.95,65.25,69,0,14.0,MX,1638736913
Neuquén,-38.9516,-68.0591,87.69,30,0,9.22,AR,1638737470
Ossora,59.2353,163.0719,12.22,80,95,9.48,RU,1638737471
Stornoway,58.2093,-6.3865,39.16,78,75,3.0,GB,1638737471
Concarneau,47.875,-3.9225,47.17,70,67,14.7,FR,1638737471
Laguna,38.421,-121.4238,72.64,84,90,3.44,US,1638736956
Ambulu,-8.345,113.6058,76.51,91,100,4.03,ID,1638737471
Dalian,38.9122,121.6022,47.62,76,100,8.95,CN,1638737471
Hayden,47.766,-116.7866,34.36,56,1,9.22,US,1638737471
Zhangjiakou Shi Xuanhua Qu,40.6103,115.0447,28.81,49,1,7.92,CN,1638737471
Maceió,-9.6658,-35.7353,80.04,89,75,10.36,BR,1638737471
Doha,25.2867,51.5333,67.98,62,0,2.3,QA,1638737322
Mahébourg,-20.4081,57.7,79.09,73,40,11.5,MU,1638737472
Saint-Louis,16.3333,-15.0,85.53,11,100,9.53,SN,1638737472
Hirara,24.8,125.2833,70.11,69,36,18.7,JP,1638737472
Lismore,-28.8135,153.2773,66.15,92,90,6.91,AU,1638737472
Palāsa,18.7667,84.4167,72.81,91,96,2.1,IN,1638737472
Córdoba,-31.4135,-64.1811,72.45,73,90,5.75,AR,1638737239
Ishigaki,24.3448,124.1572,71.58,64,64,15.01,JP,1638737472
Benxi,41.2886,123.765,34.12,92,78,3.49,CN,1638737472
Codrington,-38.2667,141.9667,56.93,65,99,6.67,AU,1638737472
Ubari,26.5921,12.7805,52.38,25,2,10.04,LY,1638736942
Cockburn Town,21.4612,-71.1419,80.62,76,48,20.09,TC,1638737473
Nioro,13.35,-15.75,83.95,16,90,7.49,GM,1638737473
Elko,41.0002,-115.5012,53.64,30,70,5.01,US,1638737473
Fairbanks,64.8378,-147.7164,5.92,77,1,0.0,US,1638737473
Isangel,-19.55,169.2667,80.8,72,35,10.18,VU,1638737473
Solnechnyy,50.7214,136.6319,11.16,93,100,4.52,RU,1638737473
Acapulco de Juárez,16.8634,-99.8901,85.21,61,0,6.02,MX,1638737473
Arlit,18.7369,7.3853,70.12,16,2,8.52,NE,1638737473
Conde,-7.2597,-34.9075,81.86,78,75,10.36,BR,1638736938
Hargeisa,9.56,44.065,57.06,98,27,7.78,SO,1638737474
Nyurba,63.2842,118.3319,-28.17,94,23,5.82,RU,1638737474
Emmaus,56.7805,36.115,11.95,94,100,7.47,RU,1638737474
Takoradze,4.8845,-1.7554,80.96,83,67,10.65,GH,1638737474
Korla,41.7597,86.1469,29.84,47,100,2.28,CN,1638737474
Americus,32.0724,-84.2327,75.33,43,13,4.61,US,1638737474
Chenghai,23.4632,116.768,53.51,94,0,0.0,CN,1638737474
Boulder City,35.9786,-114.8325,74.43,17,1,0.0,US,1638737474
Porgera,-5.4667,143.2,44.26,95,93,2.77,PG,1638737475
Naze,28.3667,129.4833,63.28,69,70,17.29,JP,1638737475
Mawlaik,23.6333,94.4167,67.71,99,99,1.68,MM,1638737475
Ocós,14.5094,-92.1933,95.5,64,0,5.06,GT,1638737475
Kudahuvadhoo,2.6708,72.8944,82.24,75,83,15.61,MV,1638736918
Senanga,-16.1167,23.2667,70.29,76,90,1.74,ZM,1638737475
Alnāvar,15.4333,74.7333,65.37,87,2,2.48,IN,1638737475
Makakilo City,21.3469,-158.0858,73.72,83,90,9.22,US,1638737475
Mezen',65.8522,44.24,8.58,89,15,6.98,RU,1638737475
Przhevalskoye,55.5093,31.8482,22.48,98,98,1.97,RU,1638737476
Noumea,-22.2763,166.4572,81.0,99,100,9.71,NC,1638737399
Cacoal,-11.4386,-61.4472,80.06,90,99,2.44,BR,1638737476
Lar,26.2039,83.9717,69.31,64,0,4.21,IN,1638737476
Lábrea,-7.2586,-64.7981,80.6,88,93,0.78,BR,1638737476
Kostomuksha,64.571,30.5767,2.28,98,57,2.53,RU,1638737476
Kirakira,-10.4544,161.9205,81.81,83,99,6.29,SB,1638737476
Yucca Valley,34.1142,-116.4322,76.48,15,0,7.0,US,1638737476
Rosolini,36.8242,14.9478,56.05,72,11,15.14,IT,1638737476
Novaya Igirma,57.1334,103.9112,23.38,95,100,7.56,RU,1638737477
Coffs Harbour,-30.3,153.1333,65.14,96,75,14.97,AU,1638737477
Madingou,-4.1536,13.55,75.31,92,100,0.96,CG,1638737477
Pulaski,34.7668,-92.3001,73.71,76,75,17.0,US,1638737477
Inhambane,-23.865,35.3833,78.55,80,0,14.07,MZ,1638737477
Kupang,-10.1667,123.5833,80.13,83,100,7.36,ID,1638737477
Manuk Mangkaw,4.8,119.85,81.5,75,90,7.65,PH,1638737477
Saint George,37.1041,-113.5841,71.35,28,1,3.44,US,1638737477
Coihueco,-36.6167,-71.8333,95.74,13,0,4.61,CL,1638737477
Binzhou,37.3667,118.0167,42.26,58,100,4.5,CN,1638737478
Petropavlovsk-Kamchatskiy,53.0452,158.6483,23.59,58,75,6.71,RU,1638737478
Kahului,20.8947,-156.47,76.96,81,90,4.61,US,1638737478
Mendi,-6.1761,143.6513,55.04,95,76,2.17,PG,1638737478
Sault Ste. Marie,46.5168,-84.3333,28.96,83,90,11.5,CA,1638737478
Preobrazheniye,42.9019,133.9064,39.4,95,100,10.78,RU,1638737478
Lucapa,-8.4192,20.7447,66.43,96,30,1.79,AO,1638737478
Mendeleyevo,56.0333,37.2167,27.88,93,75,8.95,RU,1638737478
Sørland,67.667,12.6934,24.87,69,96,9.89,NO,1638737478
Shingū,33.7333,135.9833,51.91,89,98,5.41,JP,1638737478
Kajaani,64.2273,27.7285,6.85,85,90,1.14,FI,1638737479
Araranguá,-28.9347,-49.4858,72.86,92,77,10.49,BR,1638737479
Portland,45.5234,-122.6762,47.8,82,40,1.01,US,1638737479
Kamogawa,35.1,140.1,47.05,75,100,8.57,JP,1638737479
Bama,11.5221,13.6856,74.73,23,60,8.61,NG,1638737479
Qandala,11.472,49.8728,75.11,68,9,5.77,SO,1638737479
Fuerte Olimpo,-21.0415,-57.8738,88.81,45,72,8.63,PY,1638736953
Camapuã,-19.5314,-54.0439,87.53,49,39,0.92,BR,1638737480
Plastun,44.7561,136.2939,23.22,81,4,5.57,RU,1638737480
Frome,51.2283,-2.3221,43.02,87,11,5.73,GB,1638737480
Tondano,1.3038,124.9112,66.29,95,97,2.62,ID,1638737480
Isoka,-10.1606,32.6335,68.59,62,70,3.58,ZM,1638737480
Kencong,-8.2833,113.3667,76.66,88,100,2.71,ID,1638737480
Province of Mantua,45.1667,10.7833,43.7,89,75,1.99,IT,1638737400
Rodrigues Alves,-7.738,-72.6509,79.0,95,100,2.73,BR,1638736906
Filingué,14.3521,3.3168,79.54,12,1,7.16,NE,1638736960
North Bend,43.4065,-124.2243,53.17,89,1,6.91,US,1638737480
Noyabrsk,63.1994,75.4507,-15.41,95,90,9.91,RU,1638737481
Pevek,69.7008,170.3133,-8.18,97,100,12.48,RU,1638737481
Araouane,18.9048,-3.5265,65.53,13,56,10.87,ML,1638737481
Mēga,4.05,38.3,61.27,61,15,10.63,ET,1638737481
Hoover,33.4054,-86.8114,75.38,63,40,1.99,US,1638737481
Raymondville,26.4815,-97.7831,86.11,56,100,19.35,US,1638737481
Kaifeng,34.7911,114.3483,36.46,40,0,4.79,CN,1638737481
Vallenar,-28.5708,-70.7581,82.58,24,91,7.72,CL,1638737481
Kailua,21.4022,-157.7394,75.18,94,90,11.5,US,1638737481
Sandakan,5.8402,118.1179,76.68,94,20,1.99,MY,1638737481
Gravdal,68.1214,13.5031,24.69,63,0,10.36,NO,1638737482
Pangkalanbuun,-2.6833,111.6167,73.81,98,100,2.66,ID,1638737482
Trofors,65.5333,13.4063,18.86,92,5,5.23,NO,1638737482
Balyqshy,47.0667,51.8667,33.8,86,75,11.18,KZ,1638737482
Erdenet,49.0333,104.0833,16.75,52,11,4.88,MN,1638737482
Porto Tolle,44.9497,12.3245,42.12,83,100,7.99,IT,1638737482
Praia da Vitória,38.7333,-27.0667,60.76,94,75,5.28,PT,1638736951
Great Falls,47.5002,-111.3008,16.99,73,90,8.01,US,1638737482
San Miguel de Cozumel,20.5083,-86.9458,81.95,75,39,8.01,MX,1638737482
Soyo,-6.1349,12.3689,79.25,85,94,7.49,AO,1638737482
Mustang,35.3842,-97.7245,76.19,32,20,10.0,US,1638737483
Pont-à-Mousson,48.9079,6.0589,40.26,93,75,13.8,FR,1638737483
Semnan,35.5729,53.3971,43.86,41,80,4.21,IR,1638737366
Jalu,29.0331,21.5482,57.56,61,0,4.63,LY,1638737483
Mossamedes,-15.1961,12.1522,72.99,62,1,9.4,AO,1638737483
Grafton,42.207,-71.6856,44.56,48,40,6.91,US,1638737483
Shubarkuduk,49.1447,56.4872,31.15,69,100,8.03,KZ,1638737483
Koumac,-20.5667,164.2833,81.19,71,0,2.62,NC,1638737483
Pokrovskoye,47.4157,38.8971,39.81,88,100,2.86,RU,1638737483
Huarmey,-10.0681,-78.1522,69.21,81,100,10.6,PE,1638737483
Gladstone,-23.85,151.25,75.78,73,81,10.36,AU,1638737484
Viedma,-40.8135,-62.9967,81.0,27,0,21.61,AR,1638737304
Tabas,33.5959,56.9244,51.71,32,89,2.75,IR,1638737484
Thunder Bay,48.4001,-89.3168,29.28,94,90,16.11,CA,1638737484
Coyhaique,-45.5752,-72.0662,70.41,45,75,8.05,CL,1638737484
Yulara,-25.2406,130.9889,64.24,77,40,6.91,AU,1638737484
Piaçabuçu,-10.4056,-36.4344,78.62,82,80,10.71,BR,1638737484
Salalah,17.0151,54.0924,72.27,40,0,6.67,OM,1638737484
Joshīmath,30.5667,79.5667,45.52,90,99,1.54,IN,1638737484
Carbonear,47.7332,-53.2148,35.11,67,28,10.38,CA,1638737485
Courtenay,49.6866,-124.9936,39.13,66,90,4.61,CA,1638737485
Coquimbo,-29.9533,-71.3436,64.13,72,40,12.66,CL,1638737287
Linxia Chengguanzhen,35.6003,103.2064,27.61,59,0,2.1,CN,1638737485
Markova,48.6758,24.4138,28.4,96,100,1.36,UA,1638737485
Adamantas,36.7333,24.4333,62.92,73,0,25.17,GR,1638737485
Emba,48.8264,58.1442,26.8,75,100,6.02,KZ,1638737485
Mountain Home,43.133,-115.6912,47.8,53,1,26.46,US,1638737485
Westport,41.1415,-73.3579,48.18,53,1,6.91,US,1638737485
Mandera,3.9366,41.867,83.66,38,62,7.87,KE,1638736959
Teutônia,-29.4481,-51.8064,77.77,49,68,3.0,BR,1638737486
Telimele,10.9167,-13.3333,75.78,44,33,2.95,GN,1638737486
Opuwo,-18.0607,13.84,70.75,23,0,9.62,NA,1638737486
Florø,61.5996,5.0328,35.96,69,75,18.41,NO,1638737486
Khasan,42.4308,130.6434,27.27,71,2,5.46,RU,1638737486
Olafsvik,64.8945,-23.7142,41.32,90,100,2.44,IS,1638736930
Buraidah,26.326,43.975,61.25,23,23,12.26,SA,1638737256
Faya,18.3851,42.4509,55.51,70,0,2.3,SA,1638737486
Khandyga,62.6667,135.6,-10.57,99,100,3.42,RU,1638737486
Chumphon,10.3333,98.8333,61.47,96,58,2.48,TH,1638737486
Hattiesburg,31.3271,-89.2903,75.83,71,90,11.5,US,1638737486
Rockhampton,-23.3833,150.5,75.09,78,90,10.36,AU,1638737487
Laramie,41.3114,-105.5911,49.35,24,9,14.0,US,1638737487
Beloha,-25.1667,45.05,73.76,87,0,5.55,MG,1638737487
Amga,60.8953,131.9608,-13.14,100,98,2.33,RU,1638737487
Tankhoy,51.5528,105.1306,25.81,71,40,4.63,RU,1638737487
Porbandar,21.6422,69.6093,73.76,53,0,10.6,IN,1638737487
‘Āhuimanu,21.4447,-157.8378,74.91,94,90,11.5,US,1638737487
Sosnogorsk,63.6023,53.8817,-7.46,98,51,1.5,RU,1638737487
Kasama,-10.2129,31.1808,66.38,68,65,5.53,ZM,1638737487
Taltal,-25.4,-70.4833,67.84,64,27,6.11,CL,1638737487
Abu Dhabi,24.4667,54.3667,72.97,67,0,0.0,AE,1638736613
Remanso,-9.6179,-42.0831,82.63,57,59,7.87,BR,1638737487
Nederland,29.9744,-93.9924,77.04,76,40,14.97,US,1638737488
Lae,-6.7221,146.9847,77.74,87,28,5.93,PG,1638737488
Tomatlán,19.9333,-105.25,87.69,55,100,7.49,MX,1638737488
Leningradskiy,69.3833,178.4167,-2.09,98,100,13.31,RU,1638737488
Oranjemund,-28.55,16.4333,62.82,90,46,6.71,NA,1638737488
Karratha,-20.7377,116.8463,84.04,35,20,13.67,AU,1638737488
Dordrecht,51.81,4.6736,41.23,92,100,1.01,NL,1638737348
Mersing,2.4312,103.8405,76.91,94,100,5.75,MY,1638737488
Kuril'sk,45.2333,147.8833,33.94,77,50,7.74,RU,1638737214
Vestmannaeyjar,63.4427,-20.2734,44.44,87,100,19.39,IS,1638737488
Faanui,-16.4833,-151.75,81.39,67,35,18.68,PF,1638737488
Trebinje,42.7119,18.3442,53.96,82,40,13.8,BA,1638737489
Bournemouth,50.7205,-1.8795,42.76,82,75,6.91,GB,1638737489
Daryāpur,20.9333,77.3333,68.05,54,0,3.33,IN,1638737489
Divnogorsk,55.9594,92.3619,30.74,92,99,9.89,RU,1638737489
Atakent,40.8464,68.5067,41.97,63,9,2.66,KZ,1638737489
Vilyuysk,63.7553,121.6247,-24.48,91,94,7.92,RU,1638737489
Avera,33.194,-82.5271,73.27,67,100,7.05,US,1638736952
Stykkisholmur,65.0757,-22.7297,38.19,94,100,16.6,IS,1638737490
Kulynychi,49.9823,36.3842,26.76,93,90,4.47,UA,1638737490
Kétou,7.3633,2.5998,80.01,65,80,5.19,BJ,1638737490
Nemuro,43.3236,145.575,41.0,69,1,11.81,JP,1638737490
Hong Kong,22.2855,114.1577,64.33,65,52,1.99,HK,1638737412
Krasnosel'kup,65.7,82.4667,-35.73,100,31,3.27,RU,1638737490
Arman',59.7,150.1667,-15.18,94,32,6.71,RU,1638737490
Erzin,36.9559,36.2,48.72,45,0,5.12,TR,1638737490
Pedasí,7.5333,-80.0333,88.07,76,99,8.16,PA,1638737490
Gwanda,-20.9333,29.0,74.16,57,82,7.23,ZW,1638737491
Seoul,37.5683,126.9778,31.44,93,0,1.14,KR,1638737491
Havøysund,70.9963,24.6622,30.43,96,99,29.33,NO,1638737491
Santa Catarina de Tepehuanes,25.35,-105.7333,69.76,17,100,18.12,MX,1638737491
Amarante do Maranhão,-5.5667,-46.7422,75.74,92,81,3.38,BR,1638737491
Japura,-0.3167,102.35,72.82,98,100,2.15,ID,1638737491
Altamont,42.2068,-121.7372,54.9,36,1,1.01,US,1638737491
Honiara,-9.4333,159.95,81.68,80,85,1.68,SB,1638737491
São Filipe,14.8961,-24.4956,75.79,72,71,11.95,CV,1638737491
Mizdah,31.4451,12.9801,48.04,35,0,11.05,LY,1638737492
Ottappālam,10.7667,76.3833,77.85,95,83,1.01,IN,1638737492
Kleive,62.7954,7.6359,31.59,80,75,8.05,NO,1638737492
Paphos,34.7667,32.4167,55.31,76,20,9.22,CY,1638737492
Manzhouli,49.6,117.4333,13.12,85,7,12.82,CN,1638737492
Gazli,40.1333,63.45,41.07,78,0,8.19,UZ,1638737492
Morondava,-20.2833,44.2833,80.74,70,98,5.77,MG,1638736963
Nkhata Bay,-11.6066,34.2907,78.55,60,44,0.83,MW,1638737492
Naples,40.8333,14.25,51.24,85,75,1.99,IT,1638737399
Beringovskiy,63.05,179.3167,7.45,81,100,38.56,RU,1638737493
Caravelas,-17.7125,-39.2481,76.03,79,0,5.99,BR,1638737493
Sehithwa,-20.4667,22.7167,72.66,68,100,4.54,BW,1638737493
Baoqing,46.3317,132.2111,27.12,86,81,7.27,CN,1638737493
Nizhniy Kuranakh,58.8353,125.4869,1.98,84,100,8.99,RU,1638737493
Puerto Colombia,10.9878,-74.9547,89.69,75,62,18.79,CO,1638737493
Maningrida,-12.0667,134.2667,81.12,76,96,1.39,AU,1638737493
Laas,46.6166,10.7002,29.28,93,97,5.14,IT,1638736946
Vinh,18.6667,105.6667,58.75,71,53,4.94,VN,1638737493
Ichinohe,40.2069,141.3017,31.3,85,6,4.68,JP,1638737493
Chora,37.05,21.7167,55.11,80,64,6.04,GR,1638737494
Rapid Valley,44.0625,-103.1463,33.06,45,40,33.38,US,1638737494
Oskemen,49.9565,82.6119,12.16,85,90,0.0,KZ,1638737494
Hofn,64.2539,-15.2082,42.01,83,100,31.23,IS,1638737494
Ulaanbaatar,47.9077,106.8832,-7.47,77,4,2.24,MN,1638737294
High Level,58.5169,-117.136,-18.29,83,1,2.3,CA,1638737494
Pandan,14.0453,124.1694,76.39,82,94,15.39,PH,1638737494
Urusha,54.05,122.9,3.31,86,84,5.48,RU,1638737494
Tanout,14.9709,8.8879,70.41,15,100,12.66,NE,1638737495
Strelka,58.0728,93.0344,27.91,96,100,10.45,RU,1638737495
Kyabé,9.4515,18.9449,82.4,26,54,4.65,TD,1638737495
Nerchinskiy Zavod,51.3088,119.61,6.3,82,3,6.08,RU,1638737495
Praia,14.9215,-23.5087,73.94,78,0,16.11,CV,1638737395
